Дядькина;Надежда;2
Евсеев;Артемий;5
Евстропова;Татьяна;6
Евтеева;Анастасия;9
Егоров;Дмитрий;7
Егорова;Анна;20
Жилина;Лилия;10
Жилюс;Александра;55
Жолдашев;Данияр;98
Жук;Виктория;63
Жук;Елена;54
Зорина;Ксения;88
Зубарева;Иария;54
Зубкова;Софья;9
Зырянова;Екатерина;65
Иванов;Алексей;9
Иванов;Артём;8
Кара;Александр;98
Карабейников;Аким;0
Караманчук;Анастасия;54
Карамова;Галия;5
Каримова;Юлианна;4
Карлов;Константин;4
Карлова;Лариса;8
Карловская;Анастасия;79
Лихачев;Евгений;9
Лихачев;Никита;87
Лобко;Анна;8
Логвиненко;Елена;9
Логвинов;Андрей;2
Логвинова;Валерия;5
Лоза;Дарья;6
Лопатченко;София;10
Лосева;Василиса;55
Лужецкий;Максим;98
Лукин;Андрей;63
Лукоянова;Александра;54
Луценко;Ольга;88
Лысенко;Диана;54
Льдинина;Дарья;9
Любимова;Полина;65
Магарамова;Александра;9
Мухамедина;Дарига;98
Мухина;Анастасия;0
Мухина;Анна;54
Муцянко;Мария;4
Набиева;Адель;79
Нагорная;Екатерина;9
Нагорная;Татьяна;87
Назаркова;Дарья;8
Назаров;Александр;9
Назаров;Алиджон;2
Назарова;Анна;5
Назмутдинова;Айгуль;6
Найденов;Алексей;9
Нани;Карина;7
Наумова;Кристина;20
Наурбиева;Мадина;10
Невесенко;Мария;55
Неделько;Дарья;98
Некрасова;Марина;63
Нектова;Надежда;54
Нелюбова;Полина;88
Немкина;Николь;54
Немцев;Иван;9
Нестеренко;Анастасия;65
Нестеренко;Вероника;9
Нестеров;Владислав;8
Нестерова;Алеся;98
Карманов;Артем;0
Карпова;Александра;54
Карпова;Ксения;5
Карчина;Ольга;4
Качанова;Дарья;4
Кашапова;Айсылу;8
Кашина;Юлия;79
Келлер;Владислав;9
Керимханов;Амир;87
Кериченко;Дарья;8
Кильдигазиева;Лейла;9
Ким;Кристина;2
Ким;Максим;5
Ким;Саманта;6
Киреева;Регина;9
Кириллов;Кирилл;7
Кирильченко;Ольга;20
Кириченко;Денис;10
Кирьянова;Анжелика;55
Киселева;Светлана;98
Киселёва;Анастасия;63
Кисилёва;Анастасия;54
Клевлин;Никита;88
Клеткина;Екатерина;54
Клиженко;Анастасия;9
Климина;Ирина;65
Климушина;Дарья;9
Клочко;Лидия;8
Клычтаганова;Елена;98
Кобылкина;Анастасия;0
Ковалева;Анна;54
Ковалёва;Анна;5
Коваленко;Владислав;4
Ковалькова;Александра;4
Ковальцов;Филипп;8
Ковальчук;Диана;79
Коверченко;Иван;9
Липка;Ян;87
Литвинова;Екатерина;8
Литвинцева;Анна;9
Остаева;Ольга;2
Остренко;Анна;5
Оськина;Наталья;6
Охотина;Дина;9
Павлец;Ангелина;7
Павлова;Анна;20
Павлова;Дарья;10
Панфилова;Анастасия;55
Парфененкова;Анна;98
Парфенова;Светлана;63
Парчиев;Магомед-Башир;54
Паршуков;Павел;88
Романова;Арина;54
Романова;Дарья;9
Романченко;Денис;65
Романчикова;Валерия;9
Ромашова;Анна;8
Роменская;Екатерина;98
Рублевская;Жанна-Мария;0
Румянцева;Анастасия;54
Румянцева;Василиса;5
Рупчев;Константин;4
Рыбушкин;Симеон;4
Рыженков;Николай;8
Рыжих;Денис;79
Рыкованова;Наталья;9
Рылов;Кирилл;87
Семёнова;Надежда;8
Семизоров;Александр;9
Семилетова;Алина;2
Семичева;Елизавета;5
Сенина;Екатерина;6
Сеннова;Анастасия;9
Сенчурина;Агата;7
Сербин;Ян;20
Сергеев;Борис;10
Сергеева;Ксения;55
Абдиваитова;Далия;98
Абдуллаев;Анар;63
Авдонин;Андрей;54
Авраменко;Илья;88
Агапов;Илья;54
Адаменко;Олеся;9
Адыг;Угулза;65
Азарова;Диана;9
Азима;Артем;8
Бушков;Сергей;98
Бушова;Элеонора;0
Быкова;Ирина;54
Ваапов;Бейтулла;5
Вакорина;Анна;4
Вакутина;Александра;4
Валеева;Гузель;8
Валиахметова;Эльвина;79
Валиев;Тимур;9
Гуринова;Екатерина;87
Гурман;Арина;8
Гурьева;Наталья;9
Дударь;Александр;2
Дульзон;Дарья;5
Дурова;Наталья;6
Дьяченко;Мария;9
Харитонов;Максим;7
Хасанова;Анита;20
Царева;Нина;10
Царейкин;Владимир;55
Цопанов;Артур;98
Цыбуков;Артем;63
Цыганкова;Екатерина;54
Чалков;Данил;88
Чамзырын;Алекмаа;54
Чарков;Никита;9
Чекрыжова;Ирина;65
Чембулатова;Александра;9
Чемолосов;Роман;8
Чен;Виктория;98
Ченцова;Екатерина;0
Чердонова;Пелагея;54
Черемисова;Елизавета;5
Череповский;Дмитрий;4
Черниловский;Александр;4
Чернова;Екатерина;8
Чернышева;Елена;79
Шалабаев;Ален;9
Шамсутдинова;Камила;87
Шапкин;Кирилл;8
Шапкина;Любовь;9
Шаповалов;Денис;2
Шапоренко;Дарья;5
Шараев;Никита;6
Шарафутдинова;Анисия;9
Шарецкий;Максим;7
Шарипов;Тимур;20
Шахбанов;Камиль;10
Шахов;Владлен;55
Шахов;Михаил;98
Шацкий;Ярослав;63
Шашева;Сусанна;54
Шашков;Максим;88
Шашкова;Мария;54
Шведова;Лилия;9
Швецова;Милана;65
Шевцов;Даниил;9
Шевченко;Дмитрий;8
Шевченко;Иван;98
Щедрина;Нина;0
Щекинова;Юлия;54
Щепёткин;Дмитрий;5
Щербакова;Ксения;4
Щербакова;ольга;4
Щикно;Кирилл;8
Эльмирзаев;Омарасхаб;79
Эпштейн;софия;9
Эреджепова;Диана;87
Эрматова;Нелли;8
Юганова;Жанна;9
Юзаю;Ксения;2
Юзихина;Ксения;5
Юнусов;Дмитрий;6
Юрин;Павел;9
Юрьева;Екатерина;7
Явушкин;Евгений;20
Ядрихинская;Екатерина;10
Ядыкина;Анастасия;55
Яковлева;Анастасия;98
Ямалова;Дилара;63
Ярослав;Богдан;54
Ярулина;Лилия;88
Яцина;Анна;54
Яцкин;Денис;9
Ячменев;Иван;65
Сергушичева;Регина;9
Сердюк;Екатерина;8
Середавина;Яна;98
Серова;Екатерина;0
Сеткин;Никита;54
Сивохин;Павел;5
Сигидина;Альбина;4
Сидельникова;Катерина;4
Сидоренков;Александр;8
Сидоров;Борис;79
Сидунец;Юрий;9
Силкина;Галина;87
Симаков;Максим;8
Симахина;Полина;9
Симашкина;Аполлинария;2
Симонова;Екатерина;5
Сиплатова;Римма;6
Сироткина;Елизавета;9
Ситдикова;Регина;7
Скворцова;Ксения;20
Скоблина;Татьяна;10
Томченко;Светлана;55
Торлопов;Владислав;98
Травкина;Екатерина;63
Третьяков;Александр;54
Трифонова;Александра;88
Трофименко;Ольга;54
Трофимов;Михаил;9
Трояновская;Анна;65
Трубникова;Екатерина;9
Туголукова;Мария;8
Тузбекова;Виктория;98
Тузова;Полина;0
Тулупова;Дарья;54
Тумакова;Александра;5
Турчина;Татьяна;4
Тух;Елизавета;8
Усов;Дмитрий;79
Ушаков;Владислав;9
Ушакова;Татьяна;87
Ушенин;Артём;8
Фадеева;Ирина;9
Фазлиахметов;Ильнур;2
Фазлыев;Азат;5
Фарактинова;Екатерина;6
Фархиуллина;Мария;9
Фатьянов;Яков;7
Федоренко;Кристина;20
Федорова;Анна;10
Федорова;Екатерина;55
Халикова;Рената;98
Халкаева;Чинчи;63
Халхаева;Чинчи;54
Хамурзина;Регина;88
Ханьжин;Иван;54
Харакшинов;Дмитрий;9
